Target;Target_Namespace;Target_Type;Target_Method;Job_Id;Job_AnalyzeLaunchVariance;Job_EvaluateOverhead;Job_MaxAbsoluteError;Job_MaxRelativeError;Job_MinInvokeCount;Job_MinIterationTime;Job_OutlierMode;Job_Affinity;Job_EnvironmentVariables;Job_Jit;Job_Platform;Job_PowerPlanMode;Job_Runtime;Job_AllowVeryLargeObjects;Job_Concurrent;Job_CpuGroups;Job_Force;Job_HeapAffinitizeMask;Job_HeapCount;Job_NoAffinitize;Job_RetainVm;Job_Server;Job_Arguments;Job_BuildConfiguration;Job_Clock;Job_EngineFactory;Job_NuGetReferences;Job_Toolchain;Job_IsMutator;Job_InvocationCount;Job_IterationCount;Job_IterationTime;Job_LaunchCount;Job_MaxIterationCount;Job_MaxWarmupIterationCount;Job_MinIterationCount;Job_MinWarmupIterationCount;Job_RunStrategy;Job_UnrollFactor;Job_WarmupCount;Job_Display;Params;Measurement_LaunchIndex;Measurement_IterationMode;Measurement_IterationStage;Measurement_IterationIndex;Measurement_Nanoseconds;Measurement_Operations;Measurement_Value;Gen_0;Gen_1;Gen_2;Allocated_Bytes
LanguageHelper_Benchmark.GetString;Catel.Benchmarks;LanguageHelper_Benchmark;GetString;Job-BMSKMY;Default;Default;Default;Default;Default;Default;Default;Default;Default;Default;Default;Default;CoreRt 3.1;Default;Default;Default;Default;Default;Default;Default;Default;Default;Default;Default;Default;Default;Default;InProcessEmitToolchain;Default;160;50;Default;1;Default;Default;Default;Default;Default;16;3;"Job-BMSKMY(Runtime=CoreRt 3.1, Toolchain=InProcessEmitToolchain, InvocationCount=160, IterationCount=50, LaunchCount=1, UnrollFactor=16, WarmupCount=3)";;1;Workload;Result;1;94650;160;591.56;0;0;0;257
LanguageHelper_Benchmark.GetString;Catel.Benchmarks;LanguageHelper_Benchmark;GetString;Job-BMSKMY;Default;Default;Default;Default;Default;Default;Default;Default;Default;Default;Default;Default;CoreRt 3.1;Default;Default;Default;Default;Default;Default;Default;Default;Default;Default;Default;Default;Default;Default;InProcessEmitToolchain;Default;160;50;Default;1;Default;Default;Default;Default;Default;16;3;"Job-BMSKMY(Runtime=CoreRt 3.1, Toolchain=InProcessEmitToolchain, InvocationCount=160, IterationCount=50, LaunchCount=1, UnrollFactor=16, WarmupCount=3)";;1;Workload;Result;2;81050;160;506.56;0;0;0;257
LanguageHelper_Benchmark.GetString;Catel.Benchmarks;LanguageHelper_Benchmark;GetString;Job-BMSKMY;Default;Default;Default;Default;Default;Default;Default;Default;Default;Default;Default;Default;CoreRt 3.1;Default;Default;Default;Default;Default;Default;Default;Default;Default;Default;Default;Default;Default;Default;InProcessEmitToolchain;Default;160;50;Default;1;Default;Default;Default;Default;Default;16;3;"Job-BMSKMY(Runtime=CoreRt 3.1, Toolchain=InProcessEmitToolchain, InvocationCount=160, IterationCount=50, LaunchCount=1, UnrollFactor=16, WarmupCount=3)";;1;Workload;Result;3;101150;160;632.19;0;0;0;257
LanguageHelper_Benchmark.GetString;Catel.Benchmarks;LanguageHelper_Benchmark;GetString;Job-BMSKMY;Default;Default;Default;Default;Default;Default;Default;Default;Default;Default;Default;Default;CoreRt 3.1;Default;Default;Default;Default;Default;Default;Default;Default;Default;Default;Default;Default;Default;Default;InProcessEmitToolchain;Default;160;50;Default;1;Default;Default;Default;Default;Default;16;3;"Job-BMSKMY(Runtime=CoreRt 3.1, Toolchain=InProcessEmitToolchain, InvocationCount=160, IterationCount=50, LaunchCount=1, UnrollFactor=16, WarmupCount=3)";;1;Workload;Result;4;76850;160;480.31;0;0;0;257
LanguageHelper_Benchmark.GetString;Catel.Benchmarks;LanguageHelper_Benchmark;GetString;Job-BMSKMY;Default;Default;Default;Default;Default;Default;Default;Default;Default;Default;Default;Default;CoreRt 3.1;Default;Default;Default;Default;Default;Default;Default;Default;Default;Default;Default;Default;Default;Default;InProcessEmitToolchain;Default;160;50;Default;1;Default;Default;Default;Default;Default;16;3;"Job-BMSKMY(Runtime=CoreRt 3.1, Toolchain=InProcessEmitToolchain, InvocationCount=160, IterationCount=50, LaunchCount=1, UnrollFactor=16, WarmupCount=3)";;1;Workload;Result;5;106150;160;663.44;0;0;0;257
LanguageHelper_Benchmark.GetString;Catel.Benchmarks;LanguageHelper_Benchmark;GetString;Job-BMSKMY;Default;Default;Default;Default;Default;Default;Default;Default;Default;Default;Default;Default;CoreRt 3.1;Default;Default;Default;Default;Default;Default;Default;Default;Default;Default;Default;Default;Default;Default;InProcessEmitToolchain;Default;160;50;Default;1;Default;Default;Default;Default;Default;16;3;"Job-BMSKMY(Runtime=CoreRt 3.1, Toolchain=InProcessEmitToolchain, InvocationCount=160, IterationCount=50, LaunchCount=1, UnrollFactor=16, WarmupCount=3)";;1;Workload;Result;6;113950;160;712.19;0;0;0;257
LanguageHelper_Benchmark.GetString;Catel.Benchmarks;LanguageHelper_Benchmark;GetString;Job-BMSKMY;Default;Default;Default;Default;Default;Default;Default;Default;Default;Default;Default;Default;CoreRt 3.1;Default;Default;Default;Default;Default;Default;Default;Default;Default;Default;Default;Default;Default;Default;InProcessEmitToolchain;Default;160;50;Default;1;Default;Default;Default;Default;Default;16;3;"Job-BMSKMY(Runtime=CoreRt 3.1, Toolchain=InProcessEmitToolchain, InvocationCount=160, IterationCount=50, LaunchCount=1, UnrollFactor=16, WarmupCount=3)";;1;Workload;Result;7;84750;160;529.69;0;0;0;257
LanguageHelper_Benchmark.GetString;Catel.Benchmarks;LanguageHelper_Benchmark;GetString;Job-BMSKMY;Default;Default;Default;Default;Default;Default;Default;Default;Default;Default;Default;Default;CoreRt 3.1;Default;Default;Default;Default;Default;Default;Default;Default;Default;Default;Default;Default;Default;Default;InProcessEmitToolchain;Default;160;50;Default;1;Default;Default;Default;Default;Default;16;3;"Job-BMSKMY(Runtime=CoreRt 3.1, Toolchain=InProcessEmitToolchain, InvocationCount=160, IterationCount=50, LaunchCount=1, UnrollFactor=16, WarmupCount=3)";;1;Workload;Result;8;114250;160;714.06;0;0;0;257
LanguageHelper_Benchmark.GetString;Catel.Benchmarks;LanguageHelper_Benchmark;GetString;Job-BMSKMY;Default;Default;Default;Default;Default;Default;Default;Default;Default;Default;Default;Default;CoreRt 3.1;Default;Default;Default;Default;Default;Default;Default;Default;Default;Default;Default;Default;Default;Default;InProcessEmitToolchain;Default;160;50;Default;1;Default;Default;Default;Default;Default;16;3;"Job-BMSKMY(Runtime=CoreRt 3.1, Toolchain=InProcessEmitToolchain, InvocationCount=160, IterationCount=50, LaunchCount=1, UnrollFactor=16, WarmupCount=3)";;1;Workload;Result;9;104750;160;654.69;0;0;0;257
LanguageHelper_Benchmark.GetString;Catel.Benchmarks;LanguageHelper_Benchmark;GetString;Job-BMSKMY;Default;Default;Default;Default;Default;Default;Default;Default;Default;Default;Default;Default;CoreRt 3.1;Default;Default;Default;Default;Default;Default;Default;Default;Default;Default;Default;Default;Default;Default;InProcessEmitToolchain;Default;160;50;Default;1;Default;Default;Default;Default;Default;16;3;"Job-BMSKMY(Runtime=CoreRt 3.1, Toolchain=InProcessEmitToolchain, InvocationCount=160, IterationCount=50, LaunchCount=1, UnrollFactor=16, WarmupCount=3)";;1;Workload;Result;10;100050;160;625.31;0;0;0;257
LanguageHelper_Benchmark.GetString;Catel.Benchmarks;LanguageHelper_Benchmark;GetString;Job-BMSKMY;Default;Default;Default;Default;Default;Default;Default;Default;Default;Default;Default;Default;CoreRt 3.1;Default;Default;Default;Default;Default;Default;Default;Default;Default;Default;Default;Default;Default;Default;InProcessEmitToolchain;Default;160;50;Default;1;Default;Default;Default;Default;Default;16;3;"Job-BMSKMY(Runtime=CoreRt 3.1, Toolchain=InProcessEmitToolchain, InvocationCount=160, IterationCount=50, LaunchCount=1, UnrollFactor=16, WarmupCount=3)";;1;Workload;Result;11;108650;160;679.06;0;0;0;257
LanguageHelper_Benchmark.GetString;Catel.Benchmarks;LanguageHelper_Benchmark;GetString;Job-BMSKMY;Default;Default;Default;Default;Default;Default;Default;Default;Default;Default;Default;Default;CoreRt 3.1;Default;Default;Default;Default;Default;Default;Default;Default;Default;Default;Default;Default;Default;Default;InProcessEmitToolchain;Default;160;50;Default;1;Default;Default;Default;Default;Default;16;3;"Job-BMSKMY(Runtime=CoreRt 3.1, Toolchain=InProcessEmitToolchain, InvocationCount=160, IterationCount=50, LaunchCount=1, UnrollFactor=16, WarmupCount=3)";;1;Workload;Result;12;81850;160;511.56;0;0;0;257
LanguageHelper_Benchmark.GetString;Catel.Benchmarks;LanguageHelper_Benchmark;GetString;Job-BMSKMY;Default;Default;Default;Default;Default;Default;Default;Default;Default;Default;Default;Default;CoreRt 3.1;Default;Default;Default;Default;Default;Default;Default;Default;Default;Default;Default;Default;Default;Default;InProcessEmitToolchain;Default;160;50;Default;1;Default;Default;Default;Default;Default;16;3;"Job-BMSKMY(Runtime=CoreRt 3.1, Toolchain=InProcessEmitToolchain, InvocationCount=160, IterationCount=50, LaunchCount=1, UnrollFactor=16, WarmupCount=3)";;1;Workload;Result;13;88550;160;553.44;0;0;0;257
LanguageHelper_Benchmark.GetString;Catel.Benchmarks;LanguageHelper_Benchmark;GetString;Job-BMSKMY;Default;Default;Default;Default;Default;Default;Default;Default;Default;Default;Default;Default;CoreRt 3.1;Default;Default;Default;Default;Default;Default;Default;Default;Default;Default;Default;Default;Default;Default;InProcessEmitToolchain;Default;160;50;Default;1;Default;Default;Default;Default;Default;16;3;"Job-BMSKMY(Runtime=CoreRt 3.1, Toolchain=InProcessEmitToolchain, InvocationCount=160, IterationCount=50, LaunchCount=1, UnrollFactor=16, WarmupCount=3)";;1;Workload;Result;14;86350;160;539.69;0;0;0;257
LanguageHelper_Benchmark.GetString;Catel.Benchmarks;LanguageHelper_Benchmark;GetString;Job-BMSKMY;Default;Default;Default;Default;Default;Default;Default;Default;Default;Default;Default;Default;CoreRt 3.1;Default;Default;Default;Default;Default;Default;Default;Default;Default;Default;Default;Default;Default;Default;InProcessEmitToolchain;Default;160;50;Default;1;Default;Default;Default;Default;Default;16;3;"Job-BMSKMY(Runtime=CoreRt 3.1, Toolchain=InProcessEmitToolchain, InvocationCount=160, IterationCount=50, LaunchCount=1, UnrollFactor=16, WarmupCount=3)";;1;Workload;Result;15;111150;160;694.69;0;0;0;257
LanguageHelper_Benchmark.GetString;Catel.Benchmarks;LanguageHelper_Benchmark;GetString;Job-BMSKMY;Default;Default;Default;Default;Default;Default;Default;Default;Default;Default;Default;Default;CoreRt 3.1;Default;Default;Default;Default;Default;Default;Default;Default;Default;Default;Default;Default;Default;Default;InProcessEmitToolchain;Default;160;50;Default;1;Default;Default;Default;Default;Default;16;3;"Job-BMSKMY(Runtime=CoreRt 3.1, Toolchain=InProcessEmitToolchain, InvocationCount=160, IterationCount=50, LaunchCount=1, UnrollFactor=16, WarmupCount=3)";;1;Workload;Result;16;90850;160;567.81;0;0;0;257
LanguageHelper_Benchmark.GetString;Catel.Benchmarks;LanguageHelper_Benchmark;GetString;Job-BMSKMY;Default;Default;Default;Default;Default;Default;Default;Default;Default;Default;Default;Default;CoreRt 3.1;Default;Default;Default;Default;Default;Default;Default;Default;Default;Default;Default;Default;Default;Default;InProcessEmitToolchain;Default;160;50;Default;1;Default;Default;Default;Default;Default;16;3;"Job-BMSKMY(Runtime=CoreRt 3.1, Toolchain=InProcessEmitToolchain, InvocationCount=160, IterationCount=50, LaunchCount=1, UnrollFactor=16, WarmupCount=3)";;1;Workload;Result;17;93150;160;582.19;0;0;0;257
LanguageHelper_Benchmark.GetString;Catel.Benchmarks;LanguageHelper_Benchmark;GetString;Job-BMSKMY;Default;Default;Default;Default;Default;Default;Default;Default;Default;Default;Default;Default;CoreRt 3.1;Default;Default;Default;Default;Default;Default;Default;Default;Default;Default;Default;Default;Default;Default;InProcessEmitToolchain;Default;160;50;Default;1;Default;Default;Default;Default;Default;16;3;"Job-BMSKMY(Runtime=CoreRt 3.1, Toolchain=InProcessEmitToolchain, InvocationCount=160, IterationCount=50, LaunchCount=1, UnrollFactor=16, WarmupCount=3)";;1;Workload;Result;18;138650;160;866.56;0;0;0;257
LanguageHelper_Benchmark.GetString;Catel.Benchmarks;LanguageHelper_Benchmark;GetString;Job-BMSKMY;Default;Default;Default;Default;Default;Default;Default;Default;Default;Default;Default;Default;CoreRt 3.1;Default;Default;Default;Default;Default;Default;Default;Default;Default;Default;Default;Default;Default;Default;InProcessEmitToolchain;Default;160;50;Default;1;Default;Default;Default;Default;Default;16;3;"Job-BMSKMY(Runtime=CoreRt 3.1, Toolchain=InProcessEmitToolchain, InvocationCount=160, IterationCount=50, LaunchCount=1, UnrollFactor=16, WarmupCount=3)";;1;Workload;Result;19;86350;160;539.69;0;0;0;257
LanguageHelper_Benchmark.GetString;Catel.Benchmarks;LanguageHelper_Benchmark;GetString;Job-BMSKMY;Default;Default;Default;Default;Default;Default;Default;Default;Default;Default;Default;Default;CoreRt 3.1;Default;Default;Default;Default;Default;Default;Default;Default;Default;Default;Default;Default;Default;Default;InProcessEmitToolchain;Default;160;50;Default;1;Default;Default;Default;Default;Default;16;3;"Job-BMSKMY(Runtime=CoreRt 3.1, Toolchain=InProcessEmitToolchain, InvocationCount=160, IterationCount=50, LaunchCount=1, UnrollFactor=16, WarmupCount=3)";;1;Workload;Result;20;97150;160;607.19;0;0;0;257
LanguageHelper_Benchmark.GetString;Catel.Benchmarks;LanguageHelper_Benchmark;GetString;Job-BMSKMY;Default;Default;Default;Default;Default;Default;Default;Default;Default;Default;Default;Default;CoreRt 3.1;Default;Default;Default;Default;Default;Default;Default;Default;Default;Default;Default;Default;Default;Default;InProcessEmitToolchain;Default;160;50;Default;1;Default;Default;Default;Default;Default;16;3;"Job-BMSKMY(Runtime=CoreRt 3.1, Toolchain=InProcessEmitToolchain, InvocationCount=160, IterationCount=50, LaunchCount=1, UnrollFactor=16, WarmupCount=3)";;1;Workload;Result;21;79650;160;497.81;0;0;0;257
LanguageHelper_Benchmark.GetString;Catel.Benchmarks;LanguageHelper_Benchmark;GetString;Job-BMSKMY;Default;Default;Default;Default;Default;Default;Default;Default;Default;Default;Default;Default;CoreRt 3.1;Default;Default;Default;Default;Default;Default;Default;Default;Default;Default;Default;Default;Default;Default;InProcessEmitToolchain;Default;160;50;Default;1;Default;Default;Default;Default;Default;16;3;"Job-BMSKMY(Runtime=CoreRt 3.1, Toolchain=InProcessEmitToolchain, InvocationCount=160, IterationCount=50, LaunchCount=1, UnrollFactor=16, WarmupCount=3)";;1;Workload;Result;22;141550;160;884.69;0;0;0;257
LanguageHelper_Benchmark.GetString;Catel.Benchmarks;LanguageHelper_Benchmark;GetString;Job-BMSKMY;Default;Default;Default;Default;Default;Default;Default;Default;Default;Default;Default;Default;CoreRt 3.1;Default;Default;Default;Default;Default;Default;Default;Default;Default;Default;Default;Default;Default;Default;InProcessEmitToolchain;Default;160;50;Default;1;Default;Default;Default;Default;Default;16;3;"Job-BMSKMY(Runtime=CoreRt 3.1, Toolchain=InProcessEmitToolchain, InvocationCount=160, IterationCount=50, LaunchCount=1, UnrollFactor=16, WarmupCount=3)";;1;Workload;Result;23;118850;160;742.81;0;0;0;257
LanguageHelper_Benchmark.GetString;Catel.Benchmarks;LanguageHelper_Benchmark;GetString;Job-BMSKMY;Default;Default;Default;Default;Default;Default;Default;Default;Default;Default;Default;Default;CoreRt 3.1;Default;Default;Default;Default;Default;Default;Default;Default;Default;Default;Default;Default;Default;Default;InProcessEmitToolchain;Default;160;50;Default;1;Default;Default;Default;Default;Default;16;3;"Job-BMSKMY(Runtime=CoreRt 3.1, Toolchain=InProcessEmitToolchain, InvocationCount=160, IterationCount=50, LaunchCount=1, UnrollFactor=16, WarmupCount=3)";;1;Workload;Result;24;87550;160;547.19;0;0;0;257
LanguageHelper_Benchmark.GetString;Catel.Benchmarks;LanguageHelper_Benchmark;GetString;Job-BMSKMY;Default;Default;Default;Default;Default;Default;Default;Default;Default;Default;Default;Default;CoreRt 3.1;Default;Default;Default;Default;Default;Default;Default;Default;Default;Default;Default;Default;Default;Default;InProcessEmitToolchain;Default;160;50;Default;1;Default;Default;Default;Default;Default;16;3;"Job-BMSKMY(Runtime=CoreRt 3.1, Toolchain=InProcessEmitToolchain, InvocationCount=160, IterationCount=50, LaunchCount=1, UnrollFactor=16, WarmupCount=3)";;1;Workload;Result;25;90150;160;563.44;0;0;0;257
LanguageHelper_Benchmark.GetString;Catel.Benchmarks;LanguageHelper_Benchmark;GetString;Job-BMSKMY;Default;Default;Default;Default;Default;Default;Default;Default;Default;Default;Default;Default;CoreRt 3.1;Default;Default;Default;Default;Default;Default;Default;Default;Default;Default;Default;Default;Default;Default;InProcessEmitToolchain;Default;160;50;Default;1;Default;Default;Default;Default;Default;16;3;"Job-BMSKMY(Runtime=CoreRt 3.1, Toolchain=InProcessEmitToolchain, InvocationCount=160, IterationCount=50, LaunchCount=1, UnrollFactor=16, WarmupCount=3)";;1;Workload;Result;26;81650;160;510.31;0;0;0;257
LanguageHelper_Benchmark.GetString;Catel.Benchmarks;LanguageHelper_Benchmark;GetString;Job-BMSKMY;Default;Default;Default;Default;Default;Default;Default;Default;Default;Default;Default;Default;CoreRt 3.1;Default;Default;Default;Default;Default;Default;Default;Default;Default;Default;Default;Default;Default;Default;InProcessEmitToolchain;Default;160;50;Default;1;Default;Default;Default;Default;Default;16;3;"Job-BMSKMY(Runtime=CoreRt 3.1, Toolchain=InProcessEmitToolchain, InvocationCount=160, IterationCount=50, LaunchCount=1, UnrollFactor=16, WarmupCount=3)";;1;Workload;Result;27;81650;160;510.31;0;0;0;257
LanguageHelper_Benchmark.GetString;Catel.Benchmarks;LanguageHelper_Benchmark;GetString;Job-BMSKMY;Default;Default;Default;Default;Default;Default;Default;Default;Default;Default;Default;Default;CoreRt 3.1;Default;Default;Default;Default;Default;Default;Default;Default;Default;Default;Default;Default;Default;Default;InProcessEmitToolchain;Default;160;50;Default;1;Default;Default;Default;Default;Default;16;3;"Job-BMSKMY(Runtime=CoreRt 3.1, Toolchain=InProcessEmitToolchain, InvocationCount=160, IterationCount=50, LaunchCount=1, UnrollFactor=16, WarmupCount=3)";;1;Workload;Result;28;105450;160;659.06;0;0;0;257
LanguageHelper_Benchmark.GetString;Catel.Benchmarks;LanguageHelper_Benchmark;GetString;Job-BMSKMY;Default;Default;Default;Default;Default;Default;Default;Default;Default;Default;Default;Default;CoreRt 3.1;Default;Default;Default;Default;Default;Default;Default;Default;Default;Default;Default;Default;Default;Default;InProcessEmitToolchain;Default;160;50;Default;1;Default;Default;Default;Default;Default;16;3;"Job-BMSKMY(Runtime=CoreRt 3.1, Toolchain=InProcessEmitToolchain, InvocationCount=160, IterationCount=50, LaunchCount=1, UnrollFactor=16, WarmupCount=3)";;1;Workload;Result;29;92050;160;575.31;0;0;0;257
LanguageHelper_Benchmark.GetString;Catel.Benchmarks;LanguageHelper_Benchmark;GetString;Job-BMSKMY;Default;Default;Default;Default;Default;Default;Default;Default;Default;Default;Default;Default;CoreRt 3.1;Default;Default;Default;Default;Default;Default;Default;Default;Default;Default;Default;Default;Default;Default;InProcessEmitToolchain;Default;160;50;Default;1;Default;Default;Default;Default;Default;16;3;"Job-BMSKMY(Runtime=CoreRt 3.1, Toolchain=InProcessEmitToolchain, InvocationCount=160, IterationCount=50, LaunchCount=1, UnrollFactor=16, WarmupCount=3)";;1;Workload;Result;30;88150;160;550.94;0;0;0;257
LanguageHelper_Benchmark.GetString;Catel.Benchmarks;LanguageHelper_Benchmark;GetString;Job-BMSKMY;Default;Default;Default;Default;Default;Default;Default;Default;Default;Default;Default;Default;CoreRt 3.1;Default;Default;Default;Default;Default;Default;Default;Default;Default;Default;Default;Default;Default;Default;InProcessEmitToolchain;Default;160;50;Default;1;Default;Default;Default;Default;Default;16;3;"Job-BMSKMY(Runtime=CoreRt 3.1, Toolchain=InProcessEmitToolchain, InvocationCount=160, IterationCount=50, LaunchCount=1, UnrollFactor=16, WarmupCount=3)";;1;Workload;Result;31;70150;160;438.44;0;0;0;257
LanguageHelper_Benchmark.GetString;Catel.Benchmarks;LanguageHelper_Benchmark;GetString;Job-BMSKMY;Default;Default;Default;Default;Default;Default;Default;Default;Default;Default;Default;Default;CoreRt 3.1;Default;Default;Default;Default;Default;Default;Default;Default;Default;Default;Default;Default;Default;Default;InProcessEmitToolchain;Default;160;50;Default;1;Default;Default;Default;Default;Default;16;3;"Job-BMSKMY(Runtime=CoreRt 3.1, Toolchain=InProcessEmitToolchain, InvocationCount=160, IterationCount=50, LaunchCount=1, UnrollFactor=16, WarmupCount=3)";;1;Workload;Result;32;63250;160;395.31;0;0;0;257
LanguageHelper_Benchmark.GetString;Catel.Benchmarks;LanguageHelper_Benchmark;GetString;Job-BMSKMY;Default;Default;Default;Default;Default;Default;Default;Default;Default;Default;Default;Default;CoreRt 3.1;Default;Default;Default;Default;Default;Default;Default;Default;Default;Default;Default;Default;Default;Default;InProcessEmitToolchain;Default;160;50;Default;1;Default;Default;Default;Default;Default;16;3;"Job-BMSKMY(Runtime=CoreRt 3.1, Toolchain=InProcessEmitToolchain, InvocationCount=160, IterationCount=50, LaunchCount=1, UnrollFactor=16, WarmupCount=3)";;1;Workload;Result;33;76250;160;476.56;0;0;0;257
LanguageHelper_Benchmark.GetString;Catel.Benchmarks;LanguageHelper_Benchmark;GetString;Job-BMSKMY;Default;Default;Default;Default;Default;Default;Default;Default;Default;Default;Default;Default;CoreRt 3.1;Default;Default;Default;Default;Default;Default;Default;Default;Default;Default;Default;Default;Default;Default;InProcessEmitToolchain;Default;160;50;Default;1;Default;Default;Default;Default;Default;16;3;"Job-BMSKMY(Runtime=CoreRt 3.1, Toolchain=InProcessEmitToolchain, InvocationCount=160, IterationCount=50, LaunchCount=1, UnrollFactor=16, WarmupCount=3)";;1;Workload;Result;34;76750;160;479.69;0;0;0;257
LanguageHelper_Benchmark.GetString;Catel.Benchmarks;LanguageHelper_Benchmark;GetString;Job-BMSKMY;Default;Default;Default;Default;Default;Default;Default;Default;Default;Default;Default;Default;CoreRt 3.1;Default;Default;Default;Default;Default;Default;Default;Default;Default;Default;Default;Default;Default;Default;InProcessEmitToolchain;Default;160;50;Default;1;Default;Default;Default;Default;Default;16;3;"Job-BMSKMY(Runtime=CoreRt 3.1, Toolchain=InProcessEmitToolchain, InvocationCount=160, IterationCount=50, LaunchCount=1, UnrollFactor=16, WarmupCount=3)";;1;Workload;Result;35;93650;160;585.31;0;0;0;257
LanguageHelper_Benchmark.GetString;Catel.Benchmarks;LanguageHelper_Benchmark;GetString;Job-BMSKMY;Default;Default;Default;Default;Default;Default;Default;Default;Default;Default;Default;Default;CoreRt 3.1;Default;Default;Default;Default;Default;Default;Default;Default;Default;Default;Default;Default;Default;Default;InProcessEmitToolchain;Default;160;50;Default;1;Default;Default;Default;Default;Default;16;3;"Job-BMSKMY(Runtime=CoreRt 3.1, Toolchain=InProcessEmitToolchain, InvocationCount=160, IterationCount=50, LaunchCount=1, UnrollFactor=16, WarmupCount=3)";;1;Workload;Result;36;146550;160;915.94;0;0;0;257
LanguageHelper_Benchmark.GetString;Catel.Benchmarks;LanguageHelper_Benchmark;GetString;Job-BMSKMY;Default;Default;Default;Default;Default;Default;Default;Default;Default;Default;Default;Default;CoreRt 3.1;Default;Default;Default;Default;Default;Default;Default;Default;Default;Default;Default;Default;Default;Default;InProcessEmitToolchain;Default;160;50;Default;1;Default;Default;Default;Default;Default;16;3;"Job-BMSKMY(Runtime=CoreRt 3.1, Toolchain=InProcessEmitToolchain, InvocationCount=160, IterationCount=50, LaunchCount=1, UnrollFactor=16, WarmupCount=3)";;1;Workload;Result;37;106950;160;668.44;0;0;0;257
LanguageHelper_Benchmark.GetString;Catel.Benchmarks;LanguageHelper_Benchmark;GetString;Job-BMSKMY;Default;Default;Default;Default;Default;Default;Default;Default;Default;Default;Default;Default;CoreRt 3.1;Default;Default;Default;Default;Default;Default;Default;Default;Default;Default;Default;Default;Default;Default;InProcessEmitToolchain;Default;160;50;Default;1;Default;Default;Default;Default;Default;16;3;"Job-BMSKMY(Runtime=CoreRt 3.1, Toolchain=InProcessEmitToolchain, InvocationCount=160, IterationCount=50, LaunchCount=1, UnrollFactor=16, WarmupCount=3)";;1;Workload;Result;38;92150;160;575.94;0;0;0;257
LanguageHelper_Benchmark.GetString;Catel.Benchmarks;LanguageHelper_Benchmark;GetString;Job-BMSKMY;Default;Default;Default;Default;Default;Default;Default;Default;Default;Default;Default;Default;CoreRt 3.1;Default;Default;Default;Default;Default;Default;Default;Default;Default;Default;Default;Default;Default;Default;InProcessEmitToolchain;Default;160;50;Default;1;Default;Default;Default;Default;Default;16;3;"Job-BMSKMY(Runtime=CoreRt 3.1, Toolchain=InProcessEmitToolchain, InvocationCount=160, IterationCount=50, LaunchCount=1, UnrollFactor=16, WarmupCount=3)";;1;Workload;Result;39;97350;160;608.44;0;0;0;257
LanguageHelper_Benchmark.GetString;Catel.Benchmarks;LanguageHelper_Benchmark;GetString;Job-BMSKMY;Default;Default;Default;Default;Default;Default;Default;Default;Default;Default;Default;Default;CoreRt 3.1;Default;Default;Default;Default;Default;Default;Default;Default;Default;Default;Default;Default;Default;Default;InProcessEmitToolchain;Default;160;50;Default;1;Default;Default;Default;Default;Default;16;3;"Job-BMSKMY(Runtime=CoreRt 3.1, Toolchain=InProcessEmitToolchain, InvocationCount=160, IterationCount=50, LaunchCount=1, UnrollFactor=16, WarmupCount=3)";;1;Workload;Result;40;77650;160;485.31;0;0;0;257
LanguageHelper_Benchmark.GetString;Catel.Benchmarks;LanguageHelper_Benchmark;GetString;Job-BMSKMY;Default;Default;Default;Default;Default;Default;Default;Default;Default;Default;Default;Default;CoreRt 3.1;Default;Default;Default;Default;Default;Default;Default;Default;Default;Default;Default;Default;Default;Default;InProcessEmitToolchain;Default;160;50;Default;1;Default;Default;Default;Default;Default;16;3;"Job-BMSKMY(Runtime=CoreRt 3.1, Toolchain=InProcessEmitToolchain, InvocationCount=160, IterationCount=50, LaunchCount=1, UnrollFactor=16, WarmupCount=3)";;1;Workload;Result;41;79150;160;494.69;0;0;0;257
LanguageHelper_Benchmark.GetString;Catel.Benchmarks;LanguageHelper_Benchmark;GetString;Job-BMSKMY;Default;Default;Default;Default;Default;Default;Default;Default;Default;Default;Default;Default;CoreRt 3.1;Default;Default;Default;Default;Default;Default;Default;Default;Default;Default;Default;Default;Default;Default;InProcessEmitToolchain;Default;160;50;Default;1;Default;Default;Default;Default;Default;16;3;"Job-BMSKMY(Runtime=CoreRt 3.1, Toolchain=InProcessEmitToolchain, InvocationCount=160, IterationCount=50, LaunchCount=1, UnrollFactor=16, WarmupCount=3)";;1;Workload;Result;42;103250;160;645.31;0;0;0;257
LanguageHelper_Benchmark.GetString;Catel.Benchmarks;LanguageHelper_Benchmark;GetString;Job-BMSKMY;Default;Default;Default;Default;Default;Default;Default;Default;Default;Default;Default;Default;CoreRt 3.1;Default;Default;Default;Default;Default;Default;Default;Default;Default;Default;Default;Default;Default;Default;InProcessEmitToolchain;Default;160;50;Default;1;Default;Default;Default;Default;Default;16;3;"Job-BMSKMY(Runtime=CoreRt 3.1, Toolchain=InProcessEmitToolchain, InvocationCount=160, IterationCount=50, LaunchCount=1, UnrollFactor=16, WarmupCount=3)";;1;Workload;Result;43;141050;160;881.56;0;0;0;257
LanguageHelper_Benchmark.GetString;Catel.Benchmarks;LanguageHelper_Benchmark;GetString;Job-BMSKMY;Default;Default;Default;Default;Default;Default;Default;Default;Default;Default;Default;Default;CoreRt 3.1;Default;Default;Default;Default;Default;Default;Default;Default;Default;Default;Default;Default;Default;Default;InProcessEmitToolchain;Default;160;50;Default;1;Default;Default;Default;Default;Default;16;3;"Job-BMSKMY(Runtime=CoreRt 3.1, Toolchain=InProcessEmitToolchain, InvocationCount=160, IterationCount=50, LaunchCount=1, UnrollFactor=16, WarmupCount=3)";;1;Workload;Result;44;99550;160;622.19;0;0;0;257
